{
    "Knowledge": {
        "Arts": 3.3369214208826694,
        "Architecture": 5.382131324004305,
        "Auto (Automotive)": 2.6910656620021527,
        "Astronomy": 1.0764262648008611,
        "Fashion": 0.1076426264800861
    },
    "News": {
        "General News": 41.8729817007535,
        "Entertainment": 17.115177610333692,
        "Technology": 9.472551130247577,
        "Traditional Sports": 10.76426264800861,
        "False Premise": 2.4757804090419806,
        "E-sports": 2.1528525296017222,
        "Finance": 3.552206673842842
    }
}